id,sponsor,start_date,completion_date,drug
NCT00928252,Queen&#x27;s Medical Center,2009-06,2016-06,IV fluorine-18 labeled methylcholine before PET&#x2F;CT
NCT05081193,Sidney Kimmel Comprehensive Cancer Center at Johns Hopkins,2022-03-07,2027-12-30,"Testosterone Undecanoate,Enzalutamide"
NCT01834209,"Janssen Research &amp; Development, LLC",-,-,"Abiraterone acetate,Prednisone or prednisolone"
NCT02115828,Sidney Kimmel Comprehensive Cancer Center at Johns Hopkins,2014-04,2016-04,Vismodegib
NCT01084655,"Millennium Pharmaceuticals, Inc.",2010-07,2016-03,"TAK-700,Docetaxel,Prednisone"
NCT01393730,"Mary-Ellen Taplin, MD",2011-09,2017-03-15,"Abiraterone acetate,Dutasteride,Prednisone"
NCT01487863,Dendreon,2011-12,2016-06,abiraterone acetate
NCT03517969,National Cancer Institute (NCI),2018-10-12,2023-12-31,"Berzosertib,Carboplatin,Docetaxel"
NCT02685267,Prostate Cancer Clinical Trials Consortium,2016-02,2017-08,"Docetaxel,Enzalutamide,Prednisone"
NCT03460977,Pfizer,2018-04-17,2025-10-24,PF-06821497
NCT02607228,Gilead Sciences,2015-12-08,2019-09-03,"Alobresib,Enzalutamide"
NCT05534646,"Edwin Posadas, MD",2022-11,2025-11,"Apalutamide,Carotuximab"
NCT05751941,"H. Lee Moffitt <mark class=""hl-term"">Cancer</mark> Center and Research Institute",2023-02-14,2025-10,"Abiraterone,Enzalutamide,Apalutamide,Sipuleucel-T"
NCT02325557,"Advaxis, Inc.",2015-01,2021-12,"ADXS31-142,ADXS31-142 + Pembrolizumab (MK-3475)"
NCT04421222,ESSA Pharmaceuticals,2020-06-23,2023-04,"EPI-7386 (QD),EPI-7386 (BID)"
NCT01961843,Massachusetts General Hospital,2013-10,2021-12,"Abiraterone,Prednisone"
NCT03764540,Centre hospitalier de l&#x27;Université de Montréal (CHUM),2019-04-01,2024-09-30,"Cabazitaxel plus prednisone,Docetaxel plus prednisone"
NCT04597411,Endocyte,2021-04-01,2025-07-22,
NCT03406858,Barbara Ann Karmanos Cancer Institute,2018-06-07,2022-11-07,
NCT02814669,Hoffmann-La Roche,2016-09-23,2019-07-31,"Atezolizumab,Radium-223 Dichloride"
NCT02012296,University of Chicago,2013-12-13,2020-08-01,"enzalutamide,mifepristone"
NCT02813226,Ontario Clinical Oncology Group (OCOG),2017-02-16,2021-12-17,
NCT03682289,Rahul Aggarwal,2019-01-17,2025-07-31,"Ceralasertib,Olaparib,Durvalumab"
NCT04332744,MedSIR,2020-09-02,2025-07-31,"Enzalutamide,Talazoparib"
NCT05612841,Centre Hospitalier Universitaire de Besancon,2022-04-05,2023-10,
NCT01171898,"Aragon Pharmaceuticals, Inc.",2010-07-26,2023-12-31,"ARN-509 (Phase 1),ARN-509 (Phase 2)"
NCT02228265,OHSU Knight Cancer Institute,2013-03-12,2020-02-27,Enzalutamide
NCT03436485,"Orion Corporation, Orion Pharma",2018-03-19,2024-09,ODM-208
NCT01823978,Bellicum Pharmaceuticals,2013-04,2017-09,
NCT01995058,Exelixis,2013-12,2014-11,"cabozantinib,abiraterone,prednisone"
NCT03314324,"Gustave Roussy, Cancer Campus, Grand Paris",2017-11-29,2022-01,"ODM-201,Enzalutamide"
NCT02500901,"Paul Mathew, MD",2016-03,2016-05-10,"Enzalutamide,Niraparib"
NCT02825628,DexTech Medical AB,2016-05,2020-06,Osteodex
NCT03454750,Istituto Scientifico Romagnolo per lo Studio e la cura dei Tumori,2022-10-25,2024-08,177Lu-PSMA
NCT01505868,M.D. Anderson Cancer Center,2012-07-11,2019-12-09,"Cabazitaxel,Carboplatin"
NCT01692483,Janssen Pharmaceutica,2013-07,2016-06,"Abiraterone acetate,Prednisone"
NCT05156905,"University of California, San Diego",2022-06-16,2026-02,Cirmtuzumab
NCT02215096,GlaxoSmithKline,2014-11-13,2019-10-03,"GSK2636771,Enzalutamide"
NCT01637402,"Terence Friedlander, MD",2013-03-13,2017-02-27,"Abiraterone Acetate,Prednisone"
NCT02793765,"The University of Texas Health Science Center, Houston",2016-12,2021-07,Docetaxel
NCT05011188,Rahul Aggarwal,2022-01-19,2027-03-31,Pegfilgrastim
NCT05766371,"University of California, San Francisco",2023-06-30,2028-04-30,"Pembrolizumab,177Lu-PSMA-617"
NCT04769817,"Peter MacCallum Cancer Centre, Australia",2021-05-01,2027-12-31,
NCT04060394,Laekna Limited,2019-09-13,2024-10-30,Phase I and Phase II: LAE001&#x2F;prednisone + afuresertib
NCT02705469,Zenith Epigenetics,2016-05,2017-10,ZEN003694
NCT01885949,Massachusetts General Hospital,2013-09-03,2026-06,"Tivozanib,Enzalutamide"
NCT03837353,NYU Langone Health,2019-04-01,2022-09-20,"DKN-01,Docetaxel"
NCT03236688,"Exosome Diagnostics, Inc.",2016-02,2024-12,
NCT01162395,AstraZeneca,2010-08,2015-10,AZD3514
NCT05800665,"Genentech, Inc.",2023-05-02,2026-07-30,RO7656594
NCT04253262,Brown University,2020-04-03,2024-01,"Rucaparib,Copanlisib"
NCT02215161,"University of California, San Francisco",2014-09-02,2018-04-02,Selinexor
NCT02907372,Centre Francois Baclesse,2016-11,2022-12,
NCT01949337,Alliance for Clinical Trials in Oncology,2014-01-22,2023-08-31,"enzalutamide,abiraterone,prednisone"
NCT01519414,National Cancer Institute (NCI),2012-01-11,2015-08-18,Tivantinib
NCT02566772,"Taiho Oncology, Inc.",2016-03,2023-10,TAS3681
NCT01260688,National Cancer Institute (NCI),2010-10,2014-02,"cediranib maleate,dasatinib"
NCT02655822,"Corvus Pharmaceuticals, Inc.",2016-01,2021-07,"Ciforadenant,Ciforadenant,Ciforadenant,Ciforadenant + atezolizumab,Ciforadenant"
NCT03829930,George Washington University,2019-05-01,2020-09-01,"Entinostat,Enzalutamide"
NCT01913015,OHSU Knight Cancer Institute,2013-07,-,abiraterone acetate
NCT02082977,GlaxoSmithKline,2014-04-24,2017-06-20,GSK2816126
NCT04868604,Clarity Pharmaceuticals Ltd,2021-08-11,2026-09,"64Cu-SAR-bisPSMA,67Cu-SAR-bisPSMA"
NCT02502994,Norio Nonomura,2015-05,-,GEN0101
NCT04272645,University of Michigan Rogel Cancer Center,2020-10,2022-10,"Abemaciclib 200 MG,Atezolizumab 1200 MG in 20 ML Injection,Abemaciclib 150 MG"
NCT02346578,"Taro Iguchi, MD, PHD",2014-12,2019-01-22,"Enzalutamide,Flutamide"
NCT02656615,Aurelius Omlin,2016-01,2017-02,abiraterone acetate
NCT01792687,"Aragon Pharmaceuticals, Inc.",2013-02,2023-12,"ARN-509,Abiraterone acetate,Prednisone"
NCT05168618,University of Utah,2022-03-11,2027-01,Cabozantinib S-malate
NCT01352208,Astellas Pharma Inc,2011-03,2012-09,ASP9521
NCT04179864,"Epizyme, Inc.",2019-11-18,2024-03,"Tazemetostat,Abiraterone&#x2F;prednisone,Enzalutamide"
NCT05521412,"Peter MacCallum Cancer Centre, Australia",2022-09-29,2026-12,[ 161 Tb]Tb PSMA I&amp;T
NCT02711956,Zenith Epigenetics,2016-12,2019-11,"ZEN003694,Enzalutamide"
NCT03030885,Memorial Sloan Kettering Cancer Center,2017-01-19,2019-04-02,131I-MIP-1095
NCT02495974,Astellas Pharma Europe Ltd.,2015-09-08,2019-02-08,enzalutamide
NCT02370355,University of Southern California,2014-12-23,2016-06-08,
NCT04726332,Exelixis,2021-02-10,2024-10,"XL102,Fulvestrant,Abiraterone,Prednisone"
NCT01576172,National Cancer Institute (NCI),2012-03-30,2020-04-23,"Abiraterone Acetate,Prednisone,Veliparib"
NCT04077021,"Calibr, a division of Scripps Research",2020-07-17,2022-10-21,CCW702
NCT03218826,National Cancer Institute (NCI),2018-03-16,2024-03-27,"Docetaxel,PI3Kbeta Inhibitor AZD8186"
NCT03712930,BeiGene,2019-02-05,2020-09-02,Pamiparib
NCT03442556,University of Washington,2018-08-24,2025-05-15,"Carboplatin,Docetaxel,Rucaparib Camsylate,Rucaparib"
NCT04681144,Bayer,2021-04-16,2024-02-15,"Radium-223-dichloride (Xofigo, BAY88-8223)"
NCT05730712,Mayo Clinic,2023-09-01,2025-08-03,"Enzalutamide,Hyaluronidase-zzxf&#x2F;Pertuzumab&#x2F;Trastuzumab"
NCT02054793,"Emmanuel Antonarakis, MD",2014-06,2016-07,"Itraconazole,Orteronel"
NCT05262608,Sun Yat-Sen Memorial Hospital of Sun Yat-Sen University,2021-12-07,2024-04-26,Olaparib
NCT01084759,Sidney Kimmel Comprehensive Cancer Center at Johns Hopkins,2010-03,2014-10,"Testosterone injection,Etoposide"
NCT02494921,Rahul Aggarwal,2015-11-20,2021-07-30,"Docetaxel-PNP,Ribociclib,Prednisone,Filgrastim"
NCT02793219,"The University of Texas Health Science Center, Houston",2016-12,2021-07,Docetaxel
NCT04844749,Veru Inc.,2021-06-24,2024-09-19,"VERU-111,Enzalutamide, Abiraterone"
NCT03761225,AB Science,2014-09,2020-12-15,"Masitinib,Docetaxel,Prednisone,Placebo"
NCT01262664,M.D. Anderson Cancer Center,2012-05-24,2019-01-02,Prohibitin-TP01
NCT05401214,"Janssen Research &amp; Development, LLC",-,-,"Niraparib plus Abiraterone Acetate (Nira&#x2F;AA) combination,Prednisone&#x2F;Prednisolone"
NCT01981122,Dendreon,2013-09,2017-06-30,enzalutamide
NCT02608359,Johnson &amp; Johnson Private Limited,2016-05-31,2022-05-31,Abiraterone Acetate
NCT05125016,Regeneron Pharmaceuticals,2021-11-30,2026-08-04,"REGN4336,Cemiplimab"
NCT01541007,"Jeffrey Yachnin M.D., PhD.",2012-04,2015-10,"Cabazitaxel,weekly cabazitaxel"
NCT02966587,University of Washington,2018-05-15,2023-05-15,
NCT04076059,"Astellas Pharma China, Inc.",2019-09-02,2025-10-31,"Enzalutamide,Placebo,Androgen deprivation therapy (ADT)"
NCT02918968,Astellas Pharma Inc,2016-11-02,2020-03-27,"Enzalutamide,Flutamide"
NCT02640534,Swiss Group for Clinical Cancer Research,2016-06-10,2023-03-16,"Enzalutamide,Metformin"
NCT01605227,Exelixis,2012-07,2015-03,"cabozantinib,prednisone"
NCT01857908,"University Health Network, Toronto",2012-06,-,
NCT05037500,Roswell Park Cancer Institute,2022-01-26,2024-01-30,"Decitabine and Cedazuridine,Enzalutamide"
NCT02319837,Pfizer,2014-12-17,2026-09-19,"Enzalutamide,Placebo,Leuprolide"
NCT04824937,Massachusetts General Hospital,2021-07,2021-12-31,"Telaglenastat,Talazoparib"
NCT01707966,Swiss Group for Clinical Cancer Research,2012-09,2016-07,"Orteronel,Placebo"
NCT04768608,Zhejiang University,2021-12-23,2023-05-30,PD1-PSMA-CART cells
NCT03734653,"University of Colorado, Denver",2019-01-18,2025-08,"Transdermal Testosterone,Standard of Care, Enzalutamide"
NCT02935205,Mamta Parikh,2017-01-17,2024-02,"Enzalutamide,Indomethacin"
NCT02844582,"University of California, Davis",2017-12-20,2019-06-04,"Cabazitaxel,Prednisone"
NCT02124668,Astellas Pharma Europe B.V.,2014-09-23,2017-05-25,Enzalutamide
NCT03927391,Radboud University Medical Center,2019-05-30,2023-08-01,Enzalutamide
NCT02522715,OHSU Knight Cancer Institute,2015-10-13,2025-08-31,"Cabazitaxel,Enzalutamide,Prednisone"
NCT03511664,Endocyte,2018-05-29,2023-11-30,177Lu-PSMA-617
NCT02130700,Innocrin Pharmaceutical,2014-04,2017-11,"VT-464: given orally twice daily in 28-day cycles,VT-464: given orally once daily in 28-day cycles"
NCT02649790,Karyopharm Therapeutics Inc,2016-01,2024-08-31,"KPT-8602,ASTX727,Dexamethasone"
NCT03327662,"Institute of <mark class=""hl-term"">Cancer</mark> Research, United Kingdom",2017-01-11,2020-04,
NCT02491411,Sidney Kimmel Comprehensive Cancer Center at Johns Hopkins,2015-09,2018-03,"Dexamethasone,Enzalutamide"
NCT02405858,Janssen Pharmaceutical K.K.,2015-04-10,2017-12-31,"Abiraterone Acetate,Prednisolone"
NCT03276572,Weill Medical College of Cornell University,2017-10-10,2024-07,225Ac-J591
NCT04506567,Weill Medical College of Cornell University,2020-08-18,2027-06-30,"225Ac-J591,225Ac-J591"
NCT01942837,Dana-Farber Cancer Institute,2013-09-13,2022-09-30,Enzalutamide
NCT05340374,"Peter MacCallum Cancer Centre, Australia",2022-07-14,2026-12,"Cabazitaxel,177Lu-PSMA-617"
NCT01911741,Astellas Pharma Europe B.V.,2012-11,2013-03,MDV3100
NCT03204812,M.D. Anderson Cancer Center,2017-07-14,2021-04-13,
NCT03523442,"Janssen Research &amp; Development, LLC",2018-08-31,2024-06-30,Apalutamide
NCT01972217,AstraZeneca,2014-04-01,2023-12-29,"Olaparib,Placebo,Abiraterone,Prednisone or prednisolone"
NCT04182516,Nerviano Medical Sciences,2019-11-25,2023-12-30,NMS-03305293
NCT04838899,Sunnybrook Health Sciences Centre,2016-07-16,2025-12,
NCT02049190,Arno Therapeutics,2014-02,2017-12,"onapristone,abiraterone"
NCT04631744,Weill Medical College of Cornell University,2021-03-03,2025-05-31,Cabozantinib
NCT02432001,"University of California, San Francisco",2013-02-22,2020-01-01,
NCT02380313,GlaxoSmithKline,2015-10,2017-05,"Afuresertib,Enzalutamide,Abiraterone,Prednisone"
NCT02288936,Spanish Oncology Genito-Urinary Group,2015-02-05,2019-07-22,Enzalutamide
NCT05204927,Curium US LLC,2022-02-14,2029-06,"177Lu-PSMA-I&amp;T,Abiraterone with Prednisone or Enzalutamide"
NCT05705700,"Masonic Cancer Center, University of Minnesota",2023-02,2030-01,"Dutasteride,Abiraterone"
NCT04879589,Syneos Health,2022-09-01,2023-04-20,Abiraterone Acetate
NCT02669147,"Translational Research Center for Medical Innovation, Kobe, Hyogo, Japan",2016-01-26,2021-03,
NCT04363164,Sidney Kimmel Comprehensive Cancer Center at Johns Hopkins,2020-08-19,2026-07,"Testosterone cypionate,Enzalutamide,Testosterone enanthate"
NCT05176483,Exelixis,2021-12-14,2026-05,"XL092,Nivolumab,Ipilimumab,Nivolumab,Nivolumab,Nivolumab + Relatlimab"
NCT01685125,University of Southern California,2012-09,2018-03,"abiraterone acetate,dasatinib,prednisone"
NCT02621190,Erasmus Medical Center,2016-02,2019-06,cabazitaxel
NCT05588609,Merus N.V.,2022-11-17,2026-03,"Afatinib Oral Tablet,Enzalutamide Pill,Abiraterone acetate tablets"
NCT03786848,Tianjin Medical University Second Hospital,2019-01-28,2021-01-27,
NCT05650476,Pfizer,-,-,Talazoparib
NCT02463799,Sidney Kimmel Comprehensive Cancer Center at Johns Hopkins,2016-02-22,2019-12-12,Radium-223
NCT02598895,University of Washington,2016-01-26,2021-09-14,"Carboplatin,Docetaxel"
NCT05445609,Emory University,2023-06-23,2027-06-23,"VLP-encapsulated TLR9 Agonist CMP-001,"
NCT02692976,Radboud University Medical Center,2015-09,2019-03-06,
NCT04279561,Jonsson Comprehensive Cancer Center,2020-04-16,2022-09-15,Gallium Ga 68 Gozetotide
NCT03478904,National Cancer Institute (NCI),2020-03-10,2020-11-30,"Enzalutamide Liquid,Enzalutamide Capsule"
NCT02987543,AstraZeneca,2017-02-06,2023-02-15,"olaparib,enzalutamide,abiraterone acetate,abiraterone acetate,enzalutamide"
NCT02225704,Cancer Trials Ireland,2015-06-03,2021-11-23,Radium-223 and enzalutamide
NCT05161728,Roderick van den Bergh,2021-10-19,2025-10-19,
NCT04992026,The Affiliated Nanjing Drum Tower Hospital of Nanjing University Medical School,2021-01-01,2025-05-01,"1.Abiraterone Acetate Tablets,Prednisone Acetate Tablets,Luteinizing Hormone-Releasing Hormone Analog"
NCT05794906,Bayer,2023-04-03,2029-02-28,"Darolutamide (BAY1841788, Nubeqa)"
NCT03888612,"Arvinas Androgen Receptor, Inc.",2019-03-01,2024-11-30,ARV-110
NCT05579184,FutureChem,2022-10-30,2024-05-31,[177Lu]Ludotadipep
NCT02512185,"University Health Network, Toronto",2015-07,2019-12-31,
NCT03577028,Harpoon Therapeutics,2018-07-24,2023-03,
NCT04382898,BioNTech SE,2019-12-19,2023-07,Cemiplimab
NCT04825652,Advanced Accelerator Applications,-,-,"177Lu-PSMA-617,PSMA-11"
NCT03248570,"University of California, San Francisco",2018-02-20,2024-07-31,"Pembrolizumab,Chemotherapy"
NCT02146833,Karyopharm Therapeutics Inc,2014-05,2016-04-01,Selinexor
NCT05352178,Universitaire Ziekenhuizen KU Leuven,2022-04-20,2032-04-25,"Androgen deprivation therapy,Androgen receptor targeted therapy"
NCT03110588,University of Alabama at Birmingham,2018-05-09,2019-12-18,"PACE with Cabazitaxel (15 mg&#x2F;m2),PACE with Cabazitaxel (20 mg&#x2F;m2)"
NCT03395197,Pfizer,2017-12-18,2024-07-31,"Talazoparib with enzalutamide,Placebo with enzalutamide"
NCT05202301,Bayer,2022-01-15,2023-12-01,"Darolutamide (Nubeqa, BAY1841788),Enzalutamide,Apalutamide"
NCT04071236,National Cancer Institute (NCI),2019-12-26,2024-01-31,"Avelumab,Peposertib"
NCT04458311,"Institute of Cancer Research, United Kingdom",2020-12-01,2024-10-01,"Abiraterone Acetate,Tildrakizumab"
NCT05011383,VA Office of Research and Development,2021-08-31,2027-08-31,High dose testosterone
NCT04104893,VA Office of Research and Development,2020-02-20,2024-12-31,Pembrolizumab
NCT04907227,Merck Sharp &amp; Dohme LLC,2020-09-23,2023-04-19,"Docetaxel,Prednisone,Placebo,Dexamethasone"
NCT02737332,Sun Pharmaceutical Industries Limited,2016-03-21,2017-02-27,"Zytiga® (Abiraterone Acetate),SoluMatrix™ (Abiraterone Acetate)"
NCT01578655,Achieve Life Sciences,2012-08,2016-07,"cabazitaxel,prednisone,custirsen sodium"
NCT01940276,Duke University,2013-10,2019-10-08,"Abiraterone acetate,Prednisone"
NCT03792841,Amgen,2019-02-05,2023-07-03,"acapatamab,Pembrolizumab,Etanercept,Cytochrome P450 (CYP) Cocktail"
NCT05670106,Novartis Pharmaceuticals,2023-05-16,2026-05-13,"[177Lu]Lu-PSMA-617,68Ga-PSMA-11"
NCT02445976,Innocrin Pharmaceutical,2015-05,2019-01,Seviteronel: given orally once daily in 28-day cycles
NCT04704505,Sidney Kimmel Comprehensive Cancer Center at Johns Hopkins,2022-04-28,2027-02,Bipolar Androgen Therapy (BAT)
NCT01243385,Swiss Group for Clinical Cancer Research,2010-12-23,2019-08-09,Metformin
NCT04443062,Radboud University Medical Center,2020-07-20,2025-01-01,177Lu-PSMA-617
NCT01193244,"Millennium Pharmaceuticals, Inc.",2010-10-01,2016-04-07,"Orteronel,Placebo,Prednisone"
NCT04507698,Guy&#x27;s and St Thomas&#x27; NHS Foundation Trust,2017-09-01,2024-09,
NCT02735252,"University of California, San Francisco",2016-05-25,2025-07-31,
NCT04628988,Celgene,2021-07-28,2025-03-18,"CC-90011,Abiraterone,Prednisone"
NCT03458247,Assistance Publique - Hôpitaux de Paris,2018-06-22,2021-12-27,"Abiraterone acetate standard dose,Abiraterone acetate escalated dose"
NCT03148795,Pfizer,2017-07-04,2023-03-31,Talazoparib
NCT01664728,"Janssen Research &amp; Development, LLC",2007-04,2012-09,"Abiraterone acetate,Glucocorticoid"
NCT02578797,"Aragon Pharmaceuticals, Inc.",2015-12-18,2022-10-13,Apalutamide
NCT05425862,"Peter MacCallum Cancer Centre, Australia",2022-10-21,2025-12-30,"Pidnarulex,Talazoparib"
NCT05501548,Sidney Kimmel Comprehensive Cancer Center at Johns Hopkins,2023-06-30,2028-03,Olaparib
NCT04116775,"Julie Graff, MD",2019-10-30,2023-10,"Pembrolizumab,Enzalutamide"
NCT03899467,"Suzhou Kintor Pharmaceutical Inc,",2019-05-30,2022-10,GT0918
NCT03173859,University of Athens,2018-01,2020-12-31,"Abiraterone,Apalutamide"
NCT04839055,Jiangnan University,2021-03-18,2021-05,"Coenzyme A Combined With Abiraterone,Abiraterone"
NCT03179410,"Andrew J. Armstrong, MD",2018-02-01,2020-12-18,Avelumab
NCT02456571,Duke University,2016-11,2019-06-13,
NCT03493945,"National <mark class=""hl-term"">Cancer</mark> Institute (NCI)",2018-05-01,2023-12-31,"N-803,Epacadostat"
NCT04446117,Exelixis,2020-06-30,2024-08-31,"Cabozantinib,Atezolizumab,Abiraterone Acetate,Enzalutamide,Prednisone"
NCT01517802,"Janssen Research &amp; Development, LLC",2012-03-28,2021-04-22,"Abiraterone acetate,Prednisone"
NCT04509557,FutureChem,2020-10-14,2022-06-30,[177Lu]Ludotadipep
NCT03473925,Merck Sharp &amp; Dohme LLC,2018-04-10,2021-05-19,Navarixin
NCT05458544,FutureChem,2022-09-01,2024-08-01,[177Lu]Ludotadipep 3.7 GBq
NCT02991911,MedImmune LLC,2017-01-06,2019-09-30,
NCT02293707,Laboratoires Leurquin Mediolanum,2014-11,2019-11,
NCT03490838,Advanced Accelerator Applications,2018-05-24,2022-06-02,177Lu-PSMA-R2
NCT03851640,Hinova Pharmaceuticals Inc.,2019-04-12,2022-05,"HC-1119,placebo"
NCT04038502,VA Office of Research and Development,2019-10-01,2025-08-29,"Carboplatin,Olaparib"
NCT02787837,Centro Nacional de Investigaciones Oncologicas CARLOS III,2014-05,2020-12,
NCT01513733,"Andrew J. Armstrong, MD",2012-01,2016-06,"tasquinimod,tasquinimod 0.25 mg; 0.5 mg,tasquinimod 0.25 mg; 0.5 mg; 1.0 mg"
NCT04477512,Washington University School of Medicine,2021-02-19,2026-03-31,"Cabozantinib,Nivolumab,Abiraterone acetate,Prednisone"
NCT02125357,British Columbia Cancer Agency,2014-09,2020-02-04,"Abiraterone acetate,Enzalutamide"
NCT04754425,M.D. Anderson Cancer Center,2021-07-15,2026-06-30,Erdafitinib
NCT04545697,"University of California, San Francisco",2020-09-18,2021-02-28,
NCT05520138,Pfizer,2022-08-29,2023-12-31,"Enzalutamide,Abiraterone acetate"
NCT00953576,Dana-Farber Cancer Institute,2009-09-29,2013-04-11,"ketoconazole,hydrocortisone,dutasteride,lapatinib"
NCT02861573,Merck Sharp &amp; Dohme LLC,2016-11-17,2025-05-30,"Olaparib 400 mg,Docetaxel 75 mg&#x2F;m^2,Prednisone 5 mg,Enzalutamide 160 mg,Olaparib 300 mg,Abiraterone acetate 1000 mg,Lenvatinib,Carboplatin,Etoposide"
NCT04822961,"Impact Therapeutics, Inc.",2021-12-31,2024-08,"Placebo,Senaparib"
NCT03230734,Istituto Scientifico Romagnolo per lo Studio e la cura dei Tumori,2017-09-01,2025-07,"Radium-223,Docetaxel"
NCT02955082,"Institute of Cancer Research, United Kingdom",2017-05-25,2024-09-30,Carboplatin
NCT05633160,Clarity Pharmaceuticals Ltd,2023-06-15,2026-05,"64Cu-SAR-BBN,67Cu-SAR-BBN"
NCT04887506,Tavanta Therapeutics,2021-04-14,2022-10-20,"TAVT-45,Zytiga,Prednisone"
NCT04597125,Bayer,2020-11-09,2025-05-01,"Radium-223 dichloride (Xofigo, BAY88-8223),NAH therapy"
NCT05191017,Nuvation Bio Inc.,2022-09,2026-07,"NUV-422,Enzalutamide"
NCT02446444,University of Sydney,2014-03,2025-12,"Enzalutamide,Conventional NSAA,LHRHA"
NCT04925063,Sun Yat-sen University,2021-06-16,2027-08-31,Metformin
NCT03047135,"Sidney Kimmel Comprehensive <mark class=""hl-term"">Cancer</mark> Center at Johns Hopkins",2017-03-01,2024-02-01,Olaparib
NCT04436120,Pfizer,2019-02-13,2020-12-14,
NCT04742972,Darren Poon,2021-02-25,2022-09-16,
NCT02353715,Duke University,2015-07-07,2018-11-14,"Enzalutamide,Abiraterone acetate,Sipuleucel-T"
NCT05114746,Novartis Pharmaceuticals,2022-01-25,2026-08-31,
NCT03531827,National Cancer Institute (NCI),2019-03-26,2021-06-01,"enzalutamide,CRLX101"
NCT03300505,University of Michigan Rogel Cancer Center,2019-05-31,2023-01-24,"ARRx,Enzalutamide"
NCT04575766,Novo Nordisk A&#x2F;S,2020-12-30,2022-11-15,FT-7051
NCT02349139,Asana BioSciences,2015-01-19,2017-08-17,ASN001: Escalating dose Part A
NCT02378870,DexTech Medical AB,2015-01,2015-09,"Osteodex,Placebo"
NCT04586543,László Mangel,2020-05-18,2025-02-01,"Selegiline,Docetaxel"
NCT01867333,National Cancer Institute (NCI),2013-08-12,2022-10-26,
NCT03706365,Eli Lilly and Company,2018-11-26,2026-06-15,"Abemaciclib,Abiraterone Acetate,Prednisone,Placebo"
NCT04090528,"University of Wisconsin, Madison",2019-10-21,2025-12,Pembrolizumab
NCT00544440,"Janssen Research &amp; Development, LLC",2007-10,2012-08,"Abiraterone acetate,Prednisone"
NCT04862091,"Jiangsu HengRui Medicine Co., Ltd.",2021-04-23,2022-01-06,"Abiraterone Acetate Tablets (I),ZYTIGA®"
NCT02905201,"Janssen Research &amp; Development, LLC",2016-09,2018-04,
NCT05245435,Medical University of Vienna,2022-04,2024-09,
NCT01681433,Costantine Albany,2012-12,2017-06-21,"OGX-427,Abiraterone Acetate,Prednisone"
NCT05924672,"University of California, San Francisco",2023-08-01,2027-10-31,"Radium-223,Technetium Tc 99M Medronate"
NCT05849298,Novartis Pharmaceuticals,2024-01-09,2029-01-31,"AAA617,AAA517,Piflufolastat F 18,ARPI,ADT"
NCT03658447,"Peter MacCallum Cancer Centre, Australia",2019-07-12,2022-12-22,"Pembrolizumab,177Lu-PSMA"
NCT04159896,Barbara Ann Karmanos Cancer Institute,2019-11-13,2022-03-01,Pan-VEGFR&#x2F;TIE2 Tyrosine Kinase Inhibitor CEP-11981
NCT02053311,Swiss Group for Clinical Cancer Research,2014-08-19,2034-08-19,"Orteronel,Placebo"
NCT04033432,Northwestern University,2019-09-20,2022-06-30,
NCT04053062,Bioray Laboratories,2020-07-16,2023-12-30,
NCT01816048,"University of Wisconsin, Madison",2013-05,2016-11,TAK-700
NCT02020070,"Memorial Sloan Kettering <mark class=""hl-term"">Cancer</mark> Center",2013-12-18,2023-12,"Degarelix,Ipilimumab"
NCT01587703,GlaxoSmithKline,2012-03-28,2019-07-29,GSK525762
NCT04647526,POINT Biopharma,2021-02-25,2028-03,"[Lu-177]-PNT2002,Abiraterone,Enzalutamide"
NCT04655365,CHU de Quebec-Universite Laval,2022-03-22,2023-09-01,Enzalutamide capsule
NCT01685268,"Astex Pharmaceuticals, Inc.",2012-09,2014-12,"AT13387,abiraterone acetate,Prednisone"
NCT04019327,Memorial Sloan Kettering Cancer Center,2019-07-11,2027-07,"Talazoparib,Temozolomide"
NCT01683994,National Cancer Institute (NCI),2012-09-07,2019-01-16,"Cabozantinib,Docetaxel,Prednisone"
NCT02204072,Boehringer Ingelheim,2014-11-11,2023-06-01,"BI 836845,Enzalutamide,Enzalutamide"
NCT03815942,University of Oxford,2018-12-10,2021-07-10,Nivolumab Infusion [Opdivo]
NCT04335682,"Alliance Foundation Trials, LLC.",2021-08-17,2024-08,"Darolutamide,Enzalutamide"
NCT03582475,Jonsson Comprehensive Cancer Center,2018-12-20,2022-05-16,"Carboplatin,Cisplatin,Docetaxel,Etoposide"
NCT02747342,Atridia Pty Ltd.,2016-09,2020-06-28,SHR3680; SHR3162
NCT03111914,Duke University,2017-07-03,2017-10-09,
NCT02788773,Canadian Cancer Trials Group,2016-08-18,2022-12-30,"Durvalumab,Tremelimumab"
NCT05156450,West China Hospital,2022-01-01,2024-01-01,TQB3616 Capsules Combined With Abiraterone Acetate Plus Prednisone
NCT03545165,Weill Medical College of Cornell University,2018-04-18,2020-07-15,"177Lu-PSMA-617,177Lu-J591,68Ga-PSMA-HBED-CC"
NCT02057666,Ipsen,2014-01,2015-05,"Tasquinimod,Placebo"
NCT02691169,St. Joseph&#x27;s Healthcare Hamilton,2016-04,2017-12,18F-DCFPyL
NCT05655715,Herlev and Gentofte Hospital,2019-11-25,2025-01-11,"Ipilimumab Injection [Yervoy],Nivolumab Injection [Opdivo]"
NCT01485861,"Genentech, Inc.",2012-01-11,2022-08-31,"Abiraterone,Apitolisib,Ipatasertib,Placebo,Prednisone,Prednisolone"
NCT04471974,Rahul Aggarwal,2021-01-26,2025-12-31,"BET Bromodomain Inhibitor ZEN-3694,Enzalutamide"
NCT03016312,Hoffmann-La Roche,2017-01-10,2022-12-20,"Atezolizumab,Enzalutamide"
NCT03419234,ECOG-ACRIN Cancer Research Group,2018-04-26,2026-04-01,"Abiraterone Acetate,Antiandrogen Therapy,Cabazitaxel,Prednisone"
NCT02933801,Swiss Group for Clinical Cancer Research,2017-03-31,2026-12,ODM-201
NCT03072238,Hoffmann-La Roche,2017-06-30,2023-12-31,"Ipatasertib,Abiraterone,Placebo,Prednisone&#x2F;Prednisolone"
NCT01848067,Sidney Kimmel Cancer Center at Thomas Jefferson University,2013-08-14,2016-06-23,"Alisertib,Abiraterone acetate,Prednisone"
NCT02453009,Santa Chiara Hospital,2014-10,2016-12,"Docetaxel,Prednisone,Enzalutamide"
NCT05570994,British Columbia Cancer Agency,2023-03-01,2027-05-01,"177Lu HTK03170,68Ga-HTK03149"
NCT03261336,"Donald Trump, MD",2017-01-06,2018-02-28,"Calcitriol, Ketoconazole, Hydrocortisone"
NCT04319783,Trans Tasman Radiation Oncology Group,2021-06-02,2026-06,Darolutamide
NCT02987829,Tracon Pharmaceuticals Inc.,2017-05-23,2020-11-09,TRC253
NCT03516812,University of Washington,2018-08-29,2025-03-08,"Olaparib,Testosterone Enanthate,Testosterone Cypionate"
NCT02262910,Aptevo Therapeutics,2015-01,2019-02-18,
NCT04951492,University of Washington,2022-11-09,2025-05-31,Olaparib
NCT05348876,Bayer,2022-08-03,2024-09-27,"Darolutamide (Nubeqa, BAY1841788)"
NCT04495179,AstraZeneca,2020-08-04,2022-08-08,"AZD4635,Durvalumab,Cabazitaxel"
NCT05805371,City of Hope Medical Center,2023-07-30,2026-02-26,
NCT01503229,University of Washington,2012-12,2020-03-12,"Abiraterone Acetate,Prednisone"
NCT01750398,"Sidney Kimmel Comprehensive <mark class=""hl-term"">Cancer</mark> Center at Johns Hopkins",2013-01,2015-06,"Testosterone cypionate,Goserelin,Leuprolide"
NCT02194842,European Organisation for Research and Treatment of Cancer - EORTC,2015-10,2025-12,"Ra223,Enzalutamide"
NCT03873805,City of Hope Medical Center,2019-08-20,2023-11-23,"Cyclophosphamide,Fludarabine,Fludarabine Phosphate"
NCT02758132,University of Hawaii,2016-03-01,2016-09-06,"Enzalutamide,Abiraterone,Prednisone"
NCT05457257,AstraZeneca,2022-07-29,2025-02-28,"olaparib,enzalutamide,abiraterone acetate,Prednisone"
NCT02975934,"Clovis Oncology, Inc.",2017-06-13,2023-03,"Rucaparib,Abiraterone acetate or Enzalutamide or Docetaxel"
NCT03709550,Roswell Park Cancer Institute,2021-04-15,2024-04-15,"Decitabine,Enzalutamide"
NCT01688492,Memorial Sloan Kettering Cancer Center,2012-09,2023-09,Ipilimumab
NCT02856100,Sidney Kimmel Comprehensive Cancer Center at Johns Hopkins,2016-08-03,2020-01,18F DCFPyL- Radiopharmaceutical
NCT02512458,Hellenic Cooperative Oncology Group,2015-10-29,2019-12-27,Cabazitaxel
NCT03437941,Corcept Therapeutics,2017-12-15,2023-01-09,"CORT125281,Enzalutamide (Xtandi),Placebo"
NCT05127850,"University of California, San Francisco",2022-03-22,2024-03-31,
NCT04424654,Hospital Sirio-Libanes,2020-09-22,2022-07-01,Testosterone cypionate
NCT01845792,"University of Colorado, Denver",2013-07,2017-02,"Cabazitaxel with Abiraterone Acetate,Cabazitaxel"
NCT05059236,Bayer,2021-11-04,2026-06-22,"Darolutamide (BAY1841788, Nubeqa)"
NCT02162836,Janssen Pharmaceutical K.K.,2014-06-27,2019-05-27,JNJ-56021927
NCT02985021,Seattle Institute for Biomedical and Clinical Research,2016-11,2021-04,"Carboplatin,Docetaxel"
NCT02091531,Memorial Sloan Kettering Cancer Center,2014-03,2018-10,MLN0128
NCT04558866,Latin American Cooperative Oncology Group,2021-04-30,2025-06,"Testosterone Cypionate,Darolutamide"
NCT05171816,AstraZeneca,2021-06-24,2026-03-31,"olaparib,abiraterone acetate"
NCT03123978,Mamta Parikh,2017-01-09,2022-04-19,"Enzalutamide,Niclosamide"
NCT01735396,Icahn School of Medicine at Mount Sinai,2012-12,2016-03,Abiraterone Acetate
NCT03939689,"Progenics Pharmaceuticals, Inc.",2019-05-30,2024-06,"I-131-1095,Enzalutamide"
NCT02218606,Memorial Sloan Kettering Cancer Center,2014-08,2023-08,"Abiraterone acetate 1000 mg po daily,Cabazitaxel 25 mg&#x2F;m2 IV,prednisone 5 mg po BID"
NCT04221542,Amgen,2020-03-04,2028-06-29,"AMG 509,Abiraterone,Enzalutamide,Docetaxel"
NCT03315260,Bayer,2019-04-11,2023-03-20,"Radium-223 dichloride (Xofigo, BAY88-8223)"
NCT01331083,NCIC Clinical Trials Group,2011-04-04,2015-11-27,PX-866
NCT05362149,Bayer,2022-04-04,2023-06-30,"Darolutamide (Nubeqa, BAY1841788),Enzalutamide,Apalutamide"
NCT02288247,Astellas Pharma Europe Ltd.,2014-12-01,2023-10-31,"Enzalutamide,Docetaxel,Prednisolone,Placebo"
NCT03089203,University of Pennsylvania,2017-03-08,2038-12-08,"Cyclophosphamide,Fludarabine"
NCT02485691,Sanofi,2015-11-09,2021-03-15,"cabazitaxel XRP6258,enzalutamide,abiraterone acetate,prednisone"
NCT04927663,Michael Evans,2021-08-10,2023-10-31,11C-YJH08
NCT02420587,M.D. Anderson Cancer Center,2014-10,-,AMG 208
NCT02788409,Bayer,2016-05-15,2018-05-09,
NCT04486937,Jiangxi Qingfeng Pharmaceutical Co. Ltd.,2020-08-30,2022-06-30,S410914 tablet
NCT02685397,Sir Mortimer B. Davis - Jewish General Hospital,2016-10,2041-08,"Leuprolide Acetate,Goserelin Acetate,Triptorelin,Enzalutamide"
NCT02379390,Sanofi,2015-06-17,2018-05-10,"Cabazitaxel XRP6258,Ezalutamide,Abiraterone acetate,Prednisone"
NCT03800784,Sidney Kimmel Comprehensive Cancer Center at Johns Hopkins,2019-10-01,2021-10-21,18F-DCFPyL Injection
NCT04026230,Tampere University Hospital,2019-08-15,2025-12-31,"Atorvastatin 80mg,Placebo oral capsule"
NCT02922218,Centro Nacional de Investigaciones Oncologicas CARLOS III,2016-06,2020-12,
NCT02807805,Mamta Parikh,2016-10,2023-12,"Abiraterone Acetate,Niclosamide,Prednisone"
NCT03751436,Roswell Park Cancer Institute,2019-08-02,2023-08-02,"Enzalutamide,Venetoclax"
NCT05960578,University of Washington,2023-12-01,2027-12-31,"Apalutamide,Golimumab"
NCT05479578,"Rashmi Verma, MD",2022-06-29,2025-05-01,"Cyclophosphamide,Dexamethasone"
NCT02429193,"University Health Network, Toronto",2016-03,2019-09-01,"Abiraterone + prednisone,Enzalutamide"
NCT03295565,The Netherlands Cancer Institute,2017-05-07,2022-03-02,"Cabazitaxel,Abiraterone,Enzalutamide"
NCT05613894,University of Utah,2023-06-26,2028-05-01,Cabozantinib
NCT02269982,Duke University,2015-05-14,2019-04-30,
NCT05348577,AstraZeneca,2022-03-25,2026-07-22,"capivasertib,docetaxel,docetaxel"
NCT04577833,"Janssen Research &amp; Development, LLC",2020-11-13,2025-12-05,"Niraparib,Abiraterone Acetate (AA),Prednisone"
NCT03843918,Laekna Limited,2019-04-05,2022-08-14,"LAE001,Placebo"
NCT01650194,"Astellas Pharma Global Development, Inc.",2012-07-09,2018-01-04,"enzalutamide,abiraterone acetate,prednisone"
NCT02893917,National Cancer Institute (NCI),2017-08-11,2023-12-31,"Cediranib,Olaparib"
NCT02663193,"Janssen Scientific Affairs, LLC",2015-12,2017-01,
NCT02312557,OHSU Knight Cancer Institute,2014-11-18,2024-06-30,Enzalutamide
NCT01981109,Dendreon,2012-01,2017-07,
NCT02286921,Sidney Kimmel Comprehensive Cancer Center at Johns Hopkins,2015-01,2020-02-21,"Testosterone cypionate,Enzalutamide,Testosterone Enanthate"
NCT05177770,Surface Oncology,2022-01-17,2023-04-05,"SRF617,etrumadenant,zimberelimab"
NCT01723475,Bayer,2012-11-02,2018-09-26,
NCT01884285,AstraZeneca,2013-07-09,2020-02-07,"Part A: AZD8186 monotherapy,Part B: AZD8186 monotherapy,Part C1: Abiraterone acetate combination with AZD8186,Part D1: AZD2014 combination with AZD8186,Part D2 AZD2014 combination with AZD8186,Part C2: Abiraterone acetate combination with AZD8186"
NCT03414034,Cardiff Oncology,2018-06-18,2023-07,"Onvansertib,Abiraterone,Prednisone"
NCT01385293,"Andrew J. Armstrong, MD",2011-08,2016-02,BKM120
NCT02057237,"University Health Network, Toronto",2013-09,2015-10,Mitotane
NCT04729114,Propella Therapeutics,2021-06-14,2025-04-30,"PRL-02 injection,prednisone,dexamethasone,docetaxel infusion"
NCT03748641,"Janssen Research &amp; Development, LLC",2019-01-25,2027-02-19,"Niraparib,Abiraterone Acetate,Prednisone,Placebo,New Formulation of Niraparib and Abiraterone Acetate (AA)"
NCT03275857,University of Rochester,2018-09-21,2024-05,Cisplatin
NCT01977651,"Astellas Pharma Global Development, Inc.",2013-09-25,2019-01-11,Enzalutamide
NCT02963051,"Daniel George, MD",2017-07-11,2020-02-01,"Copper,Disulfiram,Copper gluconate"
NCT05848011,MacroGenics,2023-09,2027-09,"docetaxel,Prednisone"
NCT03732820,AstraZeneca,2018-10-31,2024-11-02,"olaparib,abiraterone acetate"
NCT03432949,"University Health Network, Toronto",2018-02-23,2022-12-15,Dexamethasone plus Radium-223
NCT03076203,Sidney Kimmel Cancer Center at Thomas Jefferson University,2017-09-22,2022-11-07,Niraparib
NCT04222634,Universitaire Ziekenhuizen KU Leuven,2019-12-27,2030-01-01,
NCT03568656,CellCentric Ltd.,2018-07-23,2024-03,"CCS1477,Abiraterone acetate,Enzalutamide,Darolutamide,Olaparib,Atezolizumab"
NCT01741753,"Dana-Farber <mark class=""hl-term"">Cancer</mark> Institute",2012-11,2016-09-01,"BKM120,Abiraterone,Prednisone"
NCT04663997,Canadian Cancer Trials Group,2020-12-17,2025-07-31,"177Lu-PSMA-617,Docetaxel"
NCT03317392,National Cancer Institute (NCI),2018-10-12,2023-11-30,Olaparib
NCT01649635,Sanofi,2012-07,2016-06,"CABAZITAXEL (XRP6258),Prednisone,Ciprofloxacin,G-CSF (Granulocyte colony-stimulating factor)"
NCT02012920,Innocrin Pharmaceutical,2011-12,2019-01,Seviteronel: given orally once daily in 28 day cycles
NCT03124615,"Macquarie University, Australia",2017-05,2021-06,Enzalutamide
NCT04070209,Sir Mortimer B. Davis - Jewish General Hospital,2020-10-19,2027-11,Darolutamide (BAY1841788)
NCT01017939,"Janssen Research &amp; Development, LLC",2010-01,2012-04,"Abiraterone acetate,Prednisone,Dextromethorphan hydrobromide,Theophylline"
NCT05700669,Onxeo,2023-02-20,2027-04,"AsiDNA,Olaparib"
NCT03700099,Instituto do Cancer do Estado de São Paulo,2019-09-03,2023-07,"Docetaxel,Enzalutamide"
NCT03770455,"Jodi Layton, MD",2019-01-25,2021-01-07,"Avelumab,2nd generation ADT (abiraterone or enzalutamide)"
NCT01663415,"Astellas Pharma Global Development, Inc.",2012-08,2014-10,Enzalutamide
NCT03360721,M.D. Anderson Cancer Center,2018-03-06,2024-04-30,"Abiraterone Acetate,Apalutamide,Prednisone"
NCT01617174,Memorial Sloan Kettering Cancer Center,2012-06,2014-06,
NCT02881242,Jonsson Comprehensive Cancer Center,2018-01-30,2025-01-31,Trametinib
NCT03050866,Erasmus Medical Center,2017-02-21,2022-08-19,Cabazitaxel
NCT05405439,"Chia Tai Tianqing Pharmaceutical Group Co., Ltd.",2022-08-25,2024-04,"TQB3823 tablets,Abiraterone acetate tablets,prednisone acetate tablets"
NCT04926155,Sun Yat-sen University,2021-06-23,2024-08-31,Metformin
NCT01481233,Milton S. Hershey Medical Center,2013-05,2013-08,Colchicine
NCT05762536,Erasmus Medical Center,2023-05,2028-05,"Darolutamide,Docetaxel or cabazitaxel"
NCT03574571,Memorial Sloan Kettering Cancer Center,2018-06-19,2026-02-01,"Docetaxel 75 mg&#x2F;m2,Docetaxel 60 mg&#x2F;m2,Radium-223"
NCT04916613,UNICANCER,2022-04-19,2033-09,"Darolutamide 300 mg,Placebo,Androgen deprivation therapy"
NCT04108208,"Janssen Research &amp; Development, LLC",2019-12-17,2026-06-05,"Apalutamide,Placebo,Androgen-deprivation Therapy (ADT)"
NCT01553188,National Cancer Institute (NCI),2012-02-08,2018-07-01,"AMG 386,Abiraterone,Prednisone"
NCT04207255,Medical University of South Carolina,2020-03-27,2023-11-30,"Opaganib,Abiraterone,Enzalutamide,Opaganib"
NCT05489991,Tmunity Therapeutics,2022-09-06,2032-01-15,
NCT01420861,GTx,2011-09,2012-12,GTx-758
NCT01522443,Exelixis,2012-03,2015-01-13,"cabozantinib,mitoxantrone,prednisone"
NCT04237584,MANA RBM,2020-06-30,2022-03-07,"Enzalutamide during Lead-in Period,Lead-in Enzalutamide followed by Radium-223&#x2F;Enzalutamide,Lead-in Enzalutamide followed by Placebo&#x2F;Enzalutamide,Darolutamide during Lead-in Period,Lead-in Darolutamide followed by Radium-223&#x2F;Darolutamide,Lead-in Darolutamide followed by Placebo&#x2F;Darolutamide"
NCT05393791,Leiden University Medical Center,2022-11-10,2027-11-10,"Abiraterone acetate,Enzalutamide"
NCT04986423,Zenith Epigenetics,2021-09-08,2024-09,"ZEN003694,Enzalutamide"
NCT02903160,Icahn School of Medicine at Mount Sinai,2017-01-13,2021-11-15,"Abiraterone acetate,Prednisone,Radium-223 dichloride,cabazitaxel,Carboplatin,Enzalutamide"
NCT04634344,Dizal Pharmaceuticals,2021-04-12,2022-05-05,DZD2269
NCT02311764,Aurelius Omlin,2015-02,2019-12,Carboplatin
NCT04188587,"Nanjing First Hospital, Nanjing Medical University",2019-01-01,2020-08,177 Lu-PSMA-I&amp;T
NCT05676203,Jena University Hospital,2023-05-16,2026-08,"Standard ADT (androgen deprivation therapy),Standard Darolutamide,Docetaxel"
NCT02204943,Duke University,2015-05-06,2017-07-31,Administration of radium-223
NCT02799602,Bayer,2016-11-30,2023-04-11,"BAY1841788 &#x2F; darolutamide (ODM-201),Standard ADT (androgen deprivation therapy),Docetaxel,Placebo"
NCT04291664,"DisperSol Technologies, LLC",2020-01-31,2023-03-31,"Abiraterone Acetate,Prednisone 5Mg Tab,DST-2970 (Abiraterone)"
NCT02008058,UNC Lineberger Comprehensive Cancer Center,2014-01-23,2017-09-30,
NCT05549778,Jiangnan University,2021-01-06,2023-01-31,"Polaprezinc group,Control group"
NCT02677376,"University of Wisconsin, Madison",2016-06-27,2020-01-03,
NCT03575819,"Fortis Therapeutics, Inc.",2019-02-04,2023-10-31,FOR46
NCT03724747,Bayer,2018-12-18,2024-11-22,"BAY2315497 Injection,Darolutamide(BAY1841788)"
NCT03042468,Weill Medical College of Cornell University,2016-12,2023-09,"177Lu-PSMA-617,68Ga-PSMA-HBED-CC"
NCT05818683,"Janssen Research &amp; Development, LLC",2023-04-26,2026-06-01,"JNJ-78278343,Cetrelimab"
NCT03787680,University of Michigan Rogel Cancer Center,2019-10-31,2027-01,"Olaparib,AZD6738"
NCT03434158,Spanish Oncology Genito-Urinary Group,2018-02-06,2022-05-12,Olaparib
NCT03672396,UNC Lineberger Comprehensive Cancer Center,2017-04-01,2019-12-31,
NCT03725761,"University of Wisconsin, Madison",2018-10-24,2026-06,IMMU-132
NCT03456804,Barbara Ann Karmanos Cancer Institute,2018-03-08,2023-05-09,ESK981
NCT01634061,Novartis Pharmaceuticals,2012-09,2015-07,"BEZ235,BKM120,BEZ235,BKM120"
NCT01338012,Dendreon,2011-12,2015-04,
NCT03551782,"Janssen Research &amp; Development, LLC",2018-06-28,2021-11-11,"Cetrelimab 480 mg,Apalutamide 240 mg"
NCT05383079,"Peter MacCallum Cancer Centre, Australia",2022-09-13,2026-12-01,"Lutetium-177 PSMA-I&amp;T,Radium-223"
NCT04946370,Weill Medical College of Cornell University,2021-08-12,2028-06,"225Ac-J591,Pembrolizumab,Androgen receptor pathway inhibitor"
NCT04631601,Amgen,2021-01-15,2023-11-07,"Acapatamab,Enzalutamide,Abiraterone,AMG 404"
NCT02452008,Sidney Kimmel Comprehensive Cancer Center at Johns Hopkins,2016-05-03,2025-12,"Enzalutamide,LY2157299"
NCT02730975,Fundación Pública Andaluza para la gestión de la Investigación en Sevilla,2014-05-12,2020-10-10,"AA Reduced dose-normal diet (A),AA reduced dose-fat diet (B),AA normal dose-fasting conditions (C)"
NCT03752099,Veru Inc.,2019-01-18,2023-03-15,VERU-111
NCT03834519,Merck Sharp &amp; Dohme LLC,2019-05-02,2023-09-29,"Olaparib,Abiraterone acetate,Prednisone,Enzalutamide,Prednisolone"
NCT01695044,"Progenics Pharmaceuticals, Inc.",2012-09,2015-02,PSMA ADC
NCT01995513,Pfizer,2013-10-22,2022-08-31,"Enzalutamide,Abiraterone,Placebo for Enzalutamide,Prednisone"
NCT03674814,University of Chicago,2018-10-23,2026-03-10,"Enzalutamide,Relacorilant"
NCT03819101,"Gustave Roussy, Cancer Campus, Grand Paris",2019-06-06,2038-03,"Acetylsalicylic acid,Atorvastatin"
NCT03690141,Effector Therapeutics,2018-10-12,2020-04-27,tomivosertib (eFT508)
NCT01994590,M.D. Anderson Cancer Center,2014-05-19,2017-06-05,"Dovitinib,Abiraterone Acetate,Prednisone"
NCT03093272,Dana-Farber Cancer Institute,2017-06-23,2019-12-31,"Leuprolide Acetate,Prednisone,Docetaxel,Apalutamide"
NCT02478125,Sidney Kimmel Comprehensive Cancer Center at Johns Hopkins,2016-07,2017-05,"Burixafor Hydrobromide,Docetaxel,G-CSF"
NCT03177187,"Institute of Cancer Research, United Kingdom",2017-11-13,2022-11-16,"AZD5069,Enzalutamide 40 MG"
NCT03554317,Sidney Kimmel Comprehensive Cancer Center at Johns Hopkins,2018-09-05,2023-01-06,"Testosterone cypionate,Nivolumab"
NCT03305224,"Taro Iguchi, MD, PHD",2017-10-27,2022-03-31,Ra-223 in combination with enzalutamide
NCT05361915,"Sorrento Therapeutics, Inc.",2023-09,2028-01,"Abivertinib,Abiraterone"
NCT02202447,Endocyte,2014-05,2018-11-29,EC1169
NCT02384382,Pfizer,2015-11-30,2019-05-03,Enzalutamide
NCT03999515,University of Washington,2020-04-27,2023-03-12,"Abiraterone Acetate,Enzalutamide,Erdafitinib"
NCT05832086,Stephen Freedland,2023-07-30,2029-07-30,
NCT02911467,Rahul Aggarwal,2016-11-08,2020-07-20,Pyruvate (13C)
NCT02905318,Canadian Cancer Trials Group,2017-02-09,2023-06-30,Palbociclib
NCT03137758,"Pellficure Pharmaceuticals, Inc",2017-07-24,2019-09-17,PCUR - 101
NCT02565901,University of Washington,2016-02-29,2020-06-16,"Carboplatin,Docetaxel,Sirolimus"
NCT03874884,"Peter MacCallum Cancer Centre, Australia",2019-07-09,2023-12,Olaparib
NCT04616547,National Cancer Institute (NCI),2021-12-09,2024-06-30,
NCT02116582,Astellas Pharma Europe B.V.,2014-05-23,2017-09-29,Enzalutamide
NCT04786847,Telix International Pty Ltd,2022-01-30,2024-09-30,
NCT03356444,West China Hospital,2017-11,2020-12,"Abiraterone Acetate,Docetaxel"
NCT02867852,"Fondazione IRCCS Istituto Nazionale dei Tumori, Milano",2015-03,2020-05,Abiraterone acetate
NCT05252364,Hinova Pharmaceuticals Aus Pty Ltd,2021-12-14,2024-04-29,"HP518 - Dose Escalation,HP518 - Dose expansion"
NCT03103724,"Fondazione IRCCS Istituto Nazionale dei Tumori, Milano",2017-03-16,2021-04-23,Xtandi
NCT02532114,University of Washington,2015-12-31,2017-11-30,"Enzalutamide,Niclosamide"
NCT02035124,"SCRI Development Innovations, LLC",2014-04,2015-01,"BKM 120,Cabazitaxel"
NCT05658003,Novartis Pharmaceuticals,2023-05-05,2028-04-17,"[177Lu]Lu-PSMA-617,ARDT,[68Ga]Ga-PSMA-11"
NCT02438007,"LTN PHARMACEUTICALS, INC.",2015-06,2016-11,"Galeterone,Enzalutamide"
NCT02207504,Dana-Farber Cancer Institute,2014-08,2022-01-03,"Crizotinib,Enzalutamide"
NCT02499835,"University of Wisconsin, Madison",2015-07-01,2023-06,
NCT02415621,H. Lee Moffitt Cancer Center and Research Institute,2015-04-13,2023-12,Abiraterone Acetate
NCT01234311,Active Biotech AB,2011-03,2015-08,"tasquinimod,Placebo"
NCT03356912,Consorzio Oncotech,2017-11-22,2021-05-04,"Cabazitaxel,Prednisone"
NCT04408924,Eli Lilly and Company,2021-01-20,2023-08-31,Abemaciclib
NCT02813408,"Janssen Pharmaceutica N.V., Belgium",2016-05-03,2018-03-21,
NCT03089099,Fudan University,2017-04-24,2019-04,
NCT02130947,UNC Lineberger Comprehensive Cancer Center,2014-04,2016-02,
NCT02582749,"Ajjai Alva, MD",2016-04,2017-09-14,"LHRH agonist&#x2F;antagonist,Bicalutamide"
NCT02592317,"Aragon Pharmaceuticals, Inc.",2016-02-12,2023-01-18,"JNJ 56021927,Drug Cocktail,Pioglitazone,Rosuvastatin"
NCT01199146,"University of California, San Francisco",2010-09-10,2016-03-14,Abiraterone acetate
NCT02826772,"Suzhou Kintor Pharmaceutical Inc,",2016-02-10,2020-02-15,GT0918
NCT00638690,"Cougar Biotechnology, Inc.",2008-05,2012-10,"Placebo,Abiraterone acetate,Prednisone&#x2F;prednisolone"
NCT05113537,Vadim S Koshkin,2022-07-08,2027-07-31,"Abemaciclib,Lutetium Lu 177-PSMA-617"
NCT05022849,"Janssen Research &amp; Development, LLC",2021-09-28,2037-06-30,"JNJ-75229414,Bridging Therapy"
NCT05177042,"Arvinas Androgen Receptor, Inc.",2022-02-01,2024-06,ARV-110 in Combination with Abiraterone
NCT01858441,Centre Antoine Lacassagne,2013-04,2020-12-03,Abiraterone Acetate
NCT04689828,Novartis Pharmaceuticals,2021-06-15,2025-01-29,"177Lu-PSMA-617,68Ga-PSMA-11,ARDT"
NCT04846478,Dana-Farber Cancer Institute,2021-06-28,2025-09-30,"Talazoparib,Tazemetostat"
NCT01957436,UNICANCER,2013-11-13,2032-12,"abiraterone acetate,Docetaxel"
NCT02963675,Bayer,2016-11-15,2017-03-31,
NCT02833883,Memorial Sloan Kettering Cancer Center,2016-07,2023-01-13,"Enzalutamide,CC-115"
NCT04381832,"Arcus Biosciences, Inc.",2020-07-07,2026-05,"Etrumadenant,Zimberelimab,Quemliclustat,Enzalutamide,Docetaxel,SG"
NCT02471469,Radboud University Medical Center,2015-10,2019-08-01,"Enzalutamide, 160mg, 40 mg soft capsules, once daily"
NCT05461261,The Affiliated Nanjing Drum Tower Hospital of Nanjing University Medical School,2022-07-01,2025-12-31,"Docetaxel,Prednisolone Acetate,Platinum-based drugs"
NCT01267266,National Cancer Institute (NCI),2010-12,2013-11,saracatinib
NCT04158245,Tulane University,2020-01-30,2023-04-03,18F-fluciclovine PET Scan
NCT05124795,Immunic AG,2021-12-09,2023-12,IMU-935
NCT05539300,UMC Utrecht,2023-01-01,2026-01-01,
NCT05075577,ESSA Pharmaceuticals,2021-12-21,2026-01,"Enzalutamide,EPI-7386 with Enzalutamide"
NCT02677896,"Astellas Pharma Global Development, Inc.",2016-03-09,2024-02-29,"Enzalutamide,Placebo"
NCT03761017,MacroGenics,2018-12-12,2024-04,
NCT04751929,Dana-Farber Cancer Institute,2021-08-20,2024-12-20,"Abemaciclib,Atezolizumab"
NCT03012321,Northwestern University,2017-01,2022-01,"Olaparib,Abiraterone Acetate,Prednisone"
NCT04015622,British Columbia Cancer Agency,2020-10-07,2024-12-01,"Enzalutamide,Docetaxel"
NCT03002220,MedSIR,2016-11,-,radium-223
NCT02854436,"Janssen Research &amp; Development, LLC",2016-08-31,2024-12-31,Niraparib
NCT03834506,Merck Sharp &amp; Dohme LLC,2019-05-02,2023-10-04,"Docetaxel,Prednisone,Placebo,Dexamethasone"
NCT01036594,"University of California, San Francisco",2009-12-11,2014-10-09,"Ketoconazole,Hydrocortisone,Dexamethasone"
NCT03585114,Columbia University,2018-12-11,2022-12,[F-18] DCFPyL
NCT04157088,Bayer,2019-12-17,2022-07-11,"Darolutamide(Nubeqa, BAY1841788),Enzalutamide"
NCT04754191,University of Utah,2022-02-03,2026-09,Enfortumab vedotin
NCT02047253,University of Alabama at Birmingham,2014-04,2017-07-14,"Carfilzomib,Dexamethasone,Acyclovir"
NCT02407054,Eli Lilly and Company,2015-04-29,2020-04-16,"LY3023414,Enzalutamide,Placebo"
NCT02099864,OHSU Knight Cancer Institute,2014-02-05,2023-06-01,Enzalutamide
NCT02025010,Dana-Farber Cancer Institute,2014-01-27,2023-08,abiraterone acetate
NCT03834493,Merck Sharp &amp; Dohme LLC,2019-07-28,2024-05-31,"Enzalutamide,Placebo"
NCT03098836,"Daniel George, MD",2017-07-10,2025-02-22,"ARN-509,Abiraterone Acetate,Prednisone"
NCT02339168,"University of California, Davis",2016-06-22,2023-12,"Enzalutamide,Metformin Hydrochloride"
NCT05502315,"Rana McKay, MD",2023-02-02,2024-10-12,"Cabozantinib,Nivolumab"
NCT03514836,SOTIO a.s.,2018-05-23,2021-01-25,Cyclophosphamide
NCT05057013,Cancer Research UK,2021-11-10,2026-09,HMBD-001
NCT02606123,ESSA Pharmaceuticals,2015-10,2017-12,EPI-506
NCT02516553,Boehringer Ingelheim,2015-07-08,2021-11-23,"BI 894999,BI 894999,BI 894999"
NCT03850795,"Hinova Pharmaceuticals USA, Inc.",2021-03-15,2024-05-31,"HC-1119,Enzalutamide"
NCT02669771,Astellas Pharma Inc,2014-11-30,2018-11-30,enzalutamide
NCT01619813,Canadian Cancer Trials Group,2012-07-11,2016-05-20,"Docetaxel, Reolysin and Prednisone,Docetaxel and Prednisone"
NCT03150056,GlaxoSmithKline,2017-07-18,2021-06-22,"GSK525762,Abiraterone,Enzalutamide,Prednisone"
NCT03778047,Hinova Pharmaceuticals Inc.,2018-02-07,2019-08-28,"Enzalutamide,HC1119"
NCT01543776,University of Chicago,2012-01,2017-12,abiraterone acetate
NCT03822871,Cancer Targeted Technology,2019-04-01,2021-11-15,"CTT1403,CTT1057,68Ga-PSMA-11"
NCT01695135,"Janssen Research &amp; Development, LLC",2012-08-09,2018-05-08,"Abiraterone acetate,Placebo,Prednisone"
NCT02588001,"Translational Research Center for Medical Innovation, Kobe, Hyogo, Japan",2015-10-01,2021-03-31,Enzalutamide
NCT01677897,Kantonsspital Graubünden,2013-08,2018-06,Metformin
NCT04564027,AstraZeneca,2020-12-01,2023-12-29,Ceralasertib
NCT02106507,Memorial Sloan Kettering Cancer Center,2014-04,2021-06-28,"apalutamide,Everolimus"
NCT05067140,"Arvinas Androgen Receptor, Inc.",2021-09-02,2025-06-27,"ARV-766 Part A,ARV-766 Part B"
NCT01511536,Sanofi,2012-03,2014-12,"Cabazitaxel XRP6258,Abiraterone acetate,Prednisone 5 mg"
NCT02090114,"Sidney Kimmel Comprehensive <mark class=""hl-term"">Cancer</mark> Center at Johns Hopkins",2014-08-25,2021-11-11,"Testosterone cypionate,Testosterone Enanthate,Abiraterone acetate,Enzalutamide"
NCT04876651,Telix International Pty Ltd,2024-01-08,2027-12-01,
NCT02995330,Sidney Kimmel Comprehensive Cancer Center at Johns Hopkins,2017-02-09,2021-06-16,"Cytoxan,testosterone cypionate"
NCT04419402,Australian and New Zealand Urogenital and Prostate Cancer Trials Group,2020-08-17,2024-06-01,"Lu-PSMA,Enzalutamide"
NCT05241613,Accutar Biotechnology Inc,2022-03-16,2024-03,AC176
NCT03009981,"Alliance Foundation Trials, LLC.",2017-03-06,2025-01-01,"Apalutamide,LHRH Analogue,Abiraterone Acetate,Prednisone"
NCT03979339,Centre Oscar Lambret,2020-03-11,2023-12,
NCT03031821,Canadian Urologic Oncology Group,2018-07-12,2023-11-24,"Metformin,Placebo Oral Tablet"
NCT01666314,"Millennium Pharmaceuticals, Inc.",2012-08-20,2016-09-01,"Orteronel,Orteronel Placebo,Prednisone"
NCT04781374,Beth Israel Deaconess Medical Center,2021-05-21,2021-09-24,Neratinib
NCT02121639,University Hospital Southampton NHS Foundation Trust,2014-01-29,2021-09-13,"Placebo,AZD5363"
NCT02787005,Merck Sharp &amp; Dohme LLC,2016-07-01,2022-02-28,
NCT04126070,"Xiao X. Wei, MD",2020-05-11,2025-06-30,"Androgen Deprivation Therapy,Nivolumab,Docetaxel"
NCT03328364,Astellas Pharma a&#x2F;s,2017-12-01,2017-12-24,"enzalutamide,docetaxel"
NCT04455750,Alliance for Clinical Trials in Oncology,2021-02-19,2026-09,"Enzalutamide,Rucaparib camsylate,Placebo,Leuprolide Acetate,Goserelin Acetate,Degarelix"
NCT02426333,Radboud University Medical Center,2016-01,2019-08-01,
NCT03016741,Northwestern University,2017-03-31,2023-08,"Prednisone,Abiraterone Acetate,Enzalutamide"
NCT03418324,Cedars-Sinai Medical Center,2018-03-05,2019-11-06,"TRC105,Abiraterone,Enzalutamide"
NCT02113657,M.D. Anderson Cancer Center,2014-08-20,2019-11-04,Ipilimumab
NCT01709734,"LTN PHARMACEUTICALS, INC.",2012-12,2016-09,galeterone
NCT02928432,Centro Nacional de Investigaciones Oncologicas CARLOS III,2013-06,2017-01,Steroids switch
NCT05171387,Bayer,2021-11-30,2025-03-03,"Darolutamide 600 mg twice daily,Placebo 600 mg twice daily,Androgen deprivation therapy (ADT)"
NCT02740985,AstraZeneca,2016-06-17,2023-03-31,"AZD4635,Durvalumab,Abiraterone Acetate,Enzalutamide,Oleclumab,Docetaxel"
NCT04666129,Myovant Sciences GmbH,2021-02-18,2023-11,"Relugolix,Abiraterone,Prednisone,Methylprednisolone,Apalutamide,Docetaxel"
NCT04267887,"OHSU Knight <mark class=""hl-term"">Cancer</mark> Institute",2020-05-11,2026-01-01,"Abiraterone Acetate,Antiandrogen Therapy,Apalutamide,Prednisone"
NCT01234025,"Ionis Pharmaceuticals, Inc.",2010-11,2013-12,"ISIS EIF4E Rx,ISIS EIF4E Rx,ISIS EIF4E Rx,Prednisone,Docetaxel"
NCT02613273,"University of California, San Francisco",2016-07-18,2022-06-30,
NCT04296578,Stanford University,2020-10,2023-10,"Abiraterone Acetate,Sodium Selenite,Prednisone"
NCT02619253,Nabil Adra,2016-02-23,2023-03-28,"Pembrolizumab,Vorinostat"
NCT03344211,University of Southern California,2018-11-21,2024-11-21,Enzalutamide
NCT02125084,"SCRI Development Innovations, LLC",2014-10,2021-05-03,"Everolimus,Enzalutamide"
NCT05682443,"OncoC4, Inc.",2023-09-01,2026-12-30,"ONC-392,lutetium Lu 177 vipivotide tetraxetan 7.4 GBq (200 mCi), IV infusion, Q6W for up to 6 doses."
NCT03869762,Cancer Trials Ireland,2019-01-09,2019-01-12,"Xgeva,Xtandi"
NCT04493853,AstraZeneca,2020-07-13,2026-03-10,"Capivasertib,Abiraterone Acetate"
NCT04676607,The Affiliated Nanjing Drum Tower Hospital of Nanjing University Medical School,2020-12-17,2023-06-12,SHR7390
NCT02121600,Lawson Health Research Institute,2014-09,2018-03,
NCT04633252,National Cancer Institute (NCI),2021-02-23,2023-12-31,"ADT,Prednisone,M7824,Docetaxel,M9241"
NCT02691975,"Jiangsu HengRui Medicine Co., Ltd.",2016-04-12,2021-06-01,SHR3680
NCT00910754,"Janssen Research &amp; Development, LLC",2009-05,2012-05,"Abiraterone acetate,Prednisone"
NCT03643107,Allarity Therapeutics,2018-10-17,2024-05,Irofulven
NCT04736199,Bayer,2021-02-23,2025-09-26,"Darolutamide (Nubeqa, BAY1841788),Placebo"
NCT01751451,"Memorial Sloan Kettering <mark class=""hl-term"">Cancer</mark> Center",2012-12-18,2020-09-28,"Abiraterone acetate,Abiraterone acetate plus degarelix,Degarelix"
NCT03503344,"University of California, San Francisco",2019-12-17,2024-12-31,Apalutamide
NCT03458559,"Amsterdam UMC, location VUmc",2018-05-16,2024-05-16,"Radium-223 chloride,Rhenium-188-HEDP"
NCT03136640,Modra Pharmaceuticals,2017-04-26,2019-09-05,ModraDoc006&#x2F;r
NCT03572478,University of Chicago,2018-08-14,2020-10-01,"Rucaparib,Nivolumab"
NCT02441517,"Astellas Pharma Global Development, Inc.",2015-10-28,2017-03-15,Enzalutamide
NCT02866916,Institut Claudius Regaud,2017-09,2020-06,SXL01
NCT04115007,UNICANCER,2020-06-23,2028-06-23,Standard of care
NCT05689021,Mayo Clinic,2023-07-07,2025-09-01,"Abiraterone Acetate&#x2F;Niraparib,Prednisone"
NCT01703065,University of Washington,2013-06-18,2015-09-18,Cabozantinib
NCT03449719,Lorenzo Livi,2018-05-01,2022-05-01,Abiraterone Acetate
NCT01750866,Case Comprehensive Cancer Center,2013-02,2013-10,"Cabazitaxel,Prednisone,Granulocyte colony-stimulating factor (G-CSF)"
NCT03835533,Parker Institute for Cancer Immunotherapy,2019-06-21,2022-10-03,"NKTR-214 (Cohort A),Nivolumab (Cohort A, B and C),CDX-301 (Cohort B and C),Poly-ICLC (Cohort B),INO-5151 (Cohort C)"
NCT01193257,"Millennium Pharmaceuticals, Inc.",2010-11-15,2016-02-29,"Orteronel,Prednisone,Orteronel Placebo"
NCT03774056,Hinova Pharmaceuticals Inc.,2017-02-10,2019-08-28,HC-1119
NCT03569280,"Kangpu Biopharmaceuticals, Ltd.",2019-11-26,2023-06-15,
NCT02703623,M.D. Anderson Cancer Center,2016-05-18,2025-05-31,"Abiraterone Acetate,Apalutamide,Cabazitaxel,Carboplatin,Prednisone"
NCT02125617,Kristoffer Staal Rohrberg,2014-01,2017-02,"Abiraterone,Prednisolone"
NCT02254785,British Columbia Cancer Agency,2014-10,2020-05,"cabazitaxel,Abiraterone,Enzalutamide 160mg daily (oral)"
NCT00959959,"LTN PHARMACEUTICALS, INC.",2009-10,2012-08,"TOK-001,TOK-001,TOK-001,TOK-001,TOK-001,TOK-001,TOK-001,TOK-001"
NCT04886986,Weill Medical College of Cornell University,2021-06-30,2027-12-27,"225Ac-J591,177Lu-PSMA-I&amp;T,68Ga-PSMA-11"
NCT02913196,Weill Medical College of Cornell University,2016-12-30,2023-06,"Apalutamide,Abiraterone acetate,Docetaxel,Prednisone"
NCT01658527,European Organisation for Research and Treatment of Cancer - EORTC,2014-01,2017-01,"Orteronel,Bicalutamide"
NCT04089553,AstraZeneca,2019-08-29,2023-04-11,"AZD4635,Oleclumab,Durvalumab"
NCT05078151,Vall d&#x27;Hebron Institute of Oncology,2018-09-01,2023-09-01,
NCT01120470,British Columbia Cancer Agency,2010-09,2014-06,"OGX-427,Prednisone"
NCT03652493,Centre Francois Baclesse,2018-09-10,2021-04-27,Carboplatin
NCT01615120,GTx,2012-08-14,2016-11-09,"GTx-758 125 mg,GTx-758 250 mg"
NCT04136353,University of Sydney,2020-03-31,2028-07-31,"Darolutamide,Placebo oral tablet,Luteinizing Hormone-Releasing Hormone Analog"
NCT05553639,Hookipa Biotech GmbH,2023-05-23,2026-09,
NCT03972657,Regeneron Pharmaceuticals,2019-08-12,2025-02-19,"REGN5678,Cemiplimab,Sarilumab"
NCT04087174,AstraZeneca,2019-08-05,2021-06-22,"Capivasertib,Enzalutamide,Abiraterone"
NCT02601014,Sidney Kimmel Comprehensive Cancer Center at Johns Hopkins,2016-03-15,2021-10-06,Enzalutamide
NCT03805594,"University of California, San Francisco",2019-05-10,2024-04-30,Lutetium Lu 177-PSMA-617
NCT02525068,"Institute of Cancer Research, United Kingdom",2014-12,2020-03,"AZD5363,Enzalutamide"
